image,label
frat (1).png,1
frat (2).png,1
frat (3).png,1
frat (4).png,1
frat (5).png,1
frat (6).png,1
frat (7).png,1
frat (8).png,1
frat (9).png,1
frat (10).png,1
frat (11).png,1
frat (12).png,1
frat (13).png,1
frat (14).png,1
frat (15).png,1
frat (16).png,1
frat (17).png,1
frat (18).png,1
frat (19).png,1
frat (20).png,1
frat (21).png,1
frat (22).png,1
frat (23).png,1
frat (24).png,1
frat (25).png,1
frat (26).png,1
frat (27).png,1
frat (28).png,1
frat (29).png,1
frat (30).png,1
frat (31).png,1
frat (32).png,1
frat (33).png,1
frat (34).png,1
frat (35).png,1
frat (36).png,1
frat (37).png,1
frat (38).png,1
frat (39).png,1
frat (40).png,1
frat (41).png,1
frat (42).png,1
frat (43).png,1
frat (44).png,1
frat (45).png,1
frat (46).png,1
frat (47).png,1
frat (48).png,1
frat (49).png,1
frat (50).png,1
frat (51).png,1
frat (52).png,1
frat (53).png,1
frat (54).png,1
frat (55).png,1
frat (56).png,1
frat (57).png,1
frat (58).png,1
frat (59).png,1
frat (60).png,1
frat (61).png,1
frat (62).png,1
frat (63).png,1
frat (64).png,1
frat (65).png,1
frat (66).png,1
frat (67).png,1
frat (68).png,1
frat (69).png,1
frat (70).png,1
frat (71).png,1
frat (72).png,1
frat (73).png,1
frat (74).png,1
frat (75).png,1
frat (76).png,1
frat (77).png,1
frat (78).png,1
frat (79).png,1
frat (80).png,1
frat (81).png,1
frat (82).png,1
frat (83).png,1
frat (84).png,1
frat (85).png,1
frat (86).png,1
frat (87).png,1
frat (88).png,1
frat (89).png,1
frat (90).png,1
frat (91).png,1
frat (92).png,1
frat (93).png,1
frat (94).png,1
frat (95).png,1
frat (96).png,1
frat (97).png,1
frat (98).png,1
frat (99).png,1
frat (100).png,1
frat (101).png,1
frat (102).png,1
frat (103).png,1
frat (104).png,1
frat (105).png,1
frat (106).png,1
frat (107).png,1
frat (108).png,1
frat (109).png,1
frat (110).png,1
frat (111).png,1
frat (112).png,1
frat (113).png,1
frat (114).png,1
frat (115).png,1
frat (116).png,1
frat (117).png,1
frat (118).png,1
frat (119).png,1
frat (120).png,1
frat (121).png,1
frat (122).png,1
frat (123).png,1
frat (124).png,1
frat (125).png,1
frat (126).png,1
frat (127).png,1
frat (128).png,1
frat (129).png,1
frat (130).png,1
frat (131).png,1
frat (132).png,1
frat (133).png,1
frat (134).png,1
frat (135).png,1
frat (136).png,1
frat (137).png,1
frat (138).png,1
frat (139).png,1
frat (140).png,1
frat (141).png,1
frat (142).png,1
frat (143).png,1
frat (144).png,1
frat (145).png,1
frat (146).png,1
frat (147).png,1
frat (148).png,1
frat (149).png,1
frat (150).png,1
frat (151).png,1
frat (152).png,1
frat (153).png,1
frat (154).png,1
frat (155).png,1
frat (156).png,1
frat (157).png,1
frat (158).png,1
frat (159).png,1
frat (160).png,1
frat (161).png,1
frat (162).png,1
frat (163).png,1
frat (164).png,1
frat (165).png,1
frat (166).png,1
frat (167).png,1
frat (168).png,1
frat (169).png,1
frat (170).png,1
frat (171).png,1
frat (172).png,1
frat (173).png,1
frat (174).png,1
frat (175).png,1
frat (176).png,1
frat (177).png,1
frat (178).png,1
frat (179).png,1
frat (180).png,1
frat (181).png,1
frat (182).png,1
frat (183).png,1
frat (184).png,1
frat (185).png,1
frat (186).png,1
frat (187).png,1
frat (188).png,1
frat (189).png,1
frat (190).png,1
frat (191).png,1
frat (192).png,1
frat (193).png,1
frat (194).png,1
frat (195).png,1
frat (196).png,1
frat (197).png,1
frat (198).png,1
frat (199).png,1
frat (200).png,1
frat (201).png,1
frat (202).png,1
frat (203).png,1
frat (204).png,1
frat (205).png,1
frat (206).png,1
frat (207).png,1
frat (208).png,1
frat (209).png,1
frat (210).png,1
frat (211).png,1
frat (212).png,1
frat (213).png,1
frat (214).png,1
frat (215).png,1
frat (216).png,1
frat (217).png,1
frat (218).png,1
frat (219).png,1
frat (220).png,1
frat (221).png,1
frat (222).png,1
frat (223).png,1
frat (224).png,1
frat (225).png,1
frat (226).png,1
frat (227).png,1
frat (228).png,1
frat (229).png,1
frat (230).png,1
frat (231).png,1
frat (232).png,1
frat (233).png,1
frat (234).png,1
frat (235).png,1
frat (236).png,1
frat (237).png,1
frat (238).png,1
frat (239).png,1
frat (240).png,1
frat (241).png,1
frat (242).png,1
frat (243).png,1
frat (244).png,1
frat (245).png,1
frat (246).png,1
frat (247).png,1
frat (248).png,1
frat (249).png,1
frat (250).png,1
frat (251).png,1
frat (252).png,1
frat (253).png,1
frat (254).png,1
frat (255).png,1
frat (256).png,1
frat (257).png,1
frat (258).png,1
frat (259).png,1
frat (260).png,1
frat (261).png,1
frat (262).png,1
frat (263).png,1
frat (264).png,1
frat (265).png,1
frat (266).png,1
frat (267).png,1
frat (268).png,1
frat (269).png,1
frat (270).png,1
frat (271).png,1
frat (272).png,1
frat (273).png,1
frat (274).png,1
frat (275).png,1
frat (276).png,1
frat (277).png,1
frat (278).png,1
frat (279).png,1
frat (280).png,1
frat (281).png,1
frat (282).png,1
frat (283).png,1
frat (284).png,1
frat (285).png,1
frat (286).png,1
frat (287).png,1
frat (288).png,1
frat (289).png,1
frat (290).png,1
frat (291).png,1
frat (292).png,1
frat (293).png,1
frat (294).png,1
frat (295).png,1
frat (296).png,1
frat (297).png,1
frat (298).png,1
frat (299).png,1
frat (300).png,1
frat (301).png,1
frat (302).png,1
frat (303).png,1
frat (304).png,1
frat (305).png,1
frat (306).png,1
frat (307).png,1
frat (308).png,1
frat (309).png,1
frat (310).png,1
frat (311).png,1
frat (312).png,1
frat (313).png,1
frat (314).png,1
frat (315).png,1
frat (316).png,1
frat (317).png,1
frat (318).png,1
frat (319).png,1
frat (320).png,1
frat (321).png,1
frat (322).png,1
frat (323).png,1
frat (324).png,1
frat (325).png,1
frat (326).png,1
frat (327).png,1
frat (328).png,1
frat (329).png,1
frat (330).png,1
frat (331).png,1
frat (332).png,1
frat (333).png,1
frat (334).png,1
frat (335).png,1
frat (336).png,1
frat (337).png,1
frat (338).png,1
frat (339).png,1
frat (340).png,1
frat (341).png,1
frat (342).png,1
frat (343).png,1
frat (344).png,1
frat (345).png,1
frat (346).png,1
frat (347).png,1
frat (348).png,1
frat (349).png,1
frat (350).png,1
frat (351).png,1
frat (352).png,1
frat (353).png,1
frat (354).png,1
frat (355).png,1
frat (356).png,1
frat (357).png,1
frat (358).png,1
frat (359).png,1
frat (360).png,1
frat (361).png,1
frat (362).png,1
frat (363).png,1
frat (364).png,1
frat (365).png,1
frat (366).png,1
frat (367).png,1
frat (368).png,1
frat (369).png,1
frat (370).png,1
frat (371).png,1
frat (372).png,1
frat (373).png,1
frat (374).png,1
frat (375).png,1
frat (376).png,1
frat (377).png,1
frat (378).png,1
frat (379).png,1
frat (380).png,1
frat (381).png,1
frat (382).png,1
frat (383).png,1
frat (384).png,1
frat (385).png,1
frat (386).png,1
frat (387).png,1
frat (388).png,1
frat (389).png,1
frat (390).png,1
frat (391).png,1
frat (392).png,1
frat (393).png,1
frat (394).png,1
frat (395).png,1
frat (396).png,1
frat (397).png,1
frat (398).png,1
frat (399).png,1
frat (400).png,1
frat (401).png,1
frat (402).png,1
frat (403).png,1
frat (404).png,1
frat (405).png,1
frat (406).png,1
frat (407).png,1
frat (408).png,1
frat (409).png,1
frat (410).png,1
frat (411).png,1
frat (412).png,1
frat (413).png,1
frat (414).png,1
frat (415).png,1
frat (416).png,1
frat (417).png,1
frat (418).png,1
frat (419).png,1
frat (420).png,1
frat (421).png,1
frat (422).png,1
frat (423).png,1
frat (424).png,1
frat (425).png,1
frat (426).png,1
frat (427).png,1
frat (428).png,1
frat (429).png,1
frat (430).png,1
frat (431).png,1
frat (432).png,1
frat (433).png,1
frat (434).png,1
frat (435).png,1
frat (436).png,1
frat (437).png,1
frat (438).png,1
frat (439).png,1
frat (440).png,1
frat (441).png,1
frat (442).png,1
frat (443).png,1
frat (444).png,1
frat (445).png,1
frat (446).png,1
frat (447).png,1
frat (448).png,1
frat (449).png,1
frat (450).png,1
frat (451).png,1
frat (452).png,1
frat (453).png,1
frat (454).png,1
frat (455).png,1
frat (456).png,1
frat (457).png,1
frat (458).png,1
frat (459).png,1
frat (460).png,1
frat (461).png,1
frat (462).png,1
frat (463).png,1
frat (464).png,1
frat (465).png,1
frat (466).png,1
frat (467).png,1
frat (468).png,1
frat (469).png,1
frat (470).png,1
frat (471).png,1
frat (472).png,1
frat (473).png,1
frat (474).png,1
frat (475).png,1
frat (476).png,1
frat (477).png,1
frat (478).png,1
frat (479).png,1
frat (480).png,1
frat (481).png,1
frat (482).png,1
frat (483).png,1
frat (484).png,1
frat (485).png,1
frat (486).png,1
frat (487).png,1
frat (488).png,1
frat (489).png,1
frat (490).png,1
frat (491).png,1
frat (492).png,1
frat (493).png,1
frat (494).png,1
frat (495).png,1
frat (496).png,1
frat (497).png,1
frat (498).png,1
frat (499).png,1
frat (500).png,1
frat (501).png,1
frat (502).png,1
frat (503).png,1
frat (504).png,1
frat (505).png,1
frat (506).png,1
frat (507).png,1
frat (508).png,1
frat (509).png,1
frat (510).png,1
frat (511).png,1
frat (512).png,1
frat (513).png,1
frat (514).png,1
frat (515).png,1
frat (516).png,1
frat (517).png,1
frat (518).png,1
frat (519).png,1
frat (520).png,1
frat (521).png,1
frat (522).png,1
frat (523).png,1
frat (524).png,1
frat (525).png,1
frat (526).png,1
frat (527).png,1
frat (528).png,1
frat (529).png,1
frat (530).png,1
frat (531).png,1
frat (532).png,1
frat (533).png,1
frat (534).png,1
frat (535).png,1
frat (536).png,1
frat (537).png,1
frat (538).png,1
frat (539).png,1
frat (540).png,1
frat (541).png,1
frat (542).png,1
frat (543).png,1
frat (544).png,1
frat (545).png,1
frat (546).png,1
frat (547).png,1
frat (548).png,1
frat (549).png,1
frat (550).png,1
frat (551).png,1
frat (552).png,1
frat (553).png,1
frat (554).png,1
frat (555).png,1
frat (556).png,1
frat (557).png,1
frat (558).png,1
frat (559).png,1
frat (560).png,1
frat (561).png,1
frat (562).png,1
frat (563).png,1
frat (564).png,1
frat (565).png,1
frat (566).png,1
frat (567).png,1
frat (568).png,1
frat (569).png,1
frat (570).png,1
frat (571).png,1
frat (572).png,1
frat (573).png,1
frat (574).png,1
frat (575).png,1
frat (576).png,1
frat (577).png,1
frat (578).png,1
frat (579).png,1
frat (580).png,1
frat (581).png,1
frat (582).png,1
frat (583).png,1
frat (584).png,1
frat (585).png,1
frat (586).png,1
frat (587).png,1
frat (588).png,1
frat (589).png,1
frat (590).png,1
frat (591).png,1
frat (592).png,1
frat (593).png,1
frat (594).png,1
frat (595).png,1
frat (596).png,1
frat (597).png,1
frat (598).png,1
frat (599).png,1
frat (600).png,1
frat (601).png,1
frat (602).png,1
frat (603).png,1
frat (604).png,1
frat (605).png,1
frat (606).png,1
frat (607).png,1
frat (608).png,1
frat (609).png,1
frat (610).png,1
frat (611).png,1
frat (612).png,1
frat (613).png,1
frat (614).png,1
frat (615).png,1
frat (616).png,1
frat (617).png,1
frat (618).png,1
frat (619).png,1
frat (620).png,1
frat (621).png,1
frat (622).png,1
frat (623).png,1
frat (624).png,1
frat (625).png,1
frat (626).png,1
frat (627).png,1
frat (628).png,1
frat (629).png,1
frat (630).png,1
frat (631).png,1
frat (632).png,1
frat (633).png,1
frat (634).png,1
frat (635).png,1
frat (636).png,1
frat (637).png,1
frat (638).png,1
frat (639).png,1
frat (640).png,1
frat (641).png,1
frat (642).png,1
frat (643).png,1
frat (644).png,1
frat (645).png,1
frat (646).png,1
frat (647).png,1
frat (648).png,1
frat (649).png,1
frat (650).png,1
frat (651).png,1
frat (652).png,1
frat (653).png,1
frat (654).png,1
frat (655).png,1
frat (656).png,1
frat (657).png,1
frat (658).png,1
frat (659).png,1
frat (660).png,1
frat (661).png,1
frat (662).png,1
frat (663).png,1
frat (664).png,1
frat (665).png,1
frat (666).png,1
nfrat (1).png,0
nfrat (2).png,0
nfrat (3).png,0
nfrat (4).png,0
nfrat (5).png,0
nfrat (6).png,0
nfrat (7).png,0
nfrat (8).png,0
nfrat (9).png,0
nfrat (10).png,0
nfrat (11).png,0
nfrat (12).png,0
nfrat (13).png,0
nfrat (14).png,0
nfrat (15).png,0
nfrat (16).png,0
nfrat (17).png,0
nfrat (18).png,0
nfrat (19).png,0
nfrat (20).png,0
nfrat (21).png,0
nfrat (22).png,0
nfrat (23).png,0
nfrat (24).png,0
nfrat (25).png,0
nfrat (26).png,0
nfrat (27).png,0
nfrat (28).png,0
nfrat (29).png,0
nfrat (30).png,0
nfrat (31).png,0
nfrat (32).png,0
nfrat (33).png,0
nfrat (34).png,0
nfrat (35).png,0
nfrat (36).png,0
nfrat (37).png,0
nfrat (38).png,0
nfrat (39).png,0
nfrat (40).png,0
nfrat (41).png,0
nfrat (42).png,0
nfrat (43).png,0
nfrat (44).png,0
nfrat (45).png,0
nfrat (46).png,0
nfrat (47).png,0
nfrat (48).png,0
nfrat (49).png,0
nfrat (50).png,0
nfrat (51).png,0
nfrat (52).png,0
nfrat (53).png,0
nfrat (54).png,0
nfrat (55).png,0
nfrat (56).png,0
nfrat (57).png,0
nfrat (58).png,0
nfrat (59).png,0
nfrat (60).png,0
nfrat (61).png,0
nfrat (62).png,0
nfrat (63).png,0
nfrat (64).png,0
nfrat (65).png,0
nfrat (66).png,0
nfrat (67).png,0
nfrat (68).png,0
nfrat (69).png,0
nfrat (70).png,0
nfrat (71).png,0
nfrat (72).png,0
nfrat (73).png,0
nfrat (74).png,0
nfrat (75).png,0
nfrat (76).png,0
nfrat (77).png,0
nfrat (78).png,0
nfrat (79).png,0
nfrat (80).png,0
nfrat (81).png,0
nfrat (82).png,0
nfrat (83).png,0
nfrat (84).png,0
nfrat (85).png,0
nfrat (86).png,0
nfrat (87).png,0
nfrat (88).png,0
nfrat (89).png,0
nfrat (90).png,0
nfrat (91).png,0
nfrat (92).png,0
nfrat (93).png,0
nfrat (94).png,0
nfrat (95).png,0
nfrat (96).png,0
nfrat (97).png,0
nfrat (98).png,0
nfrat (99).png,0
nfrat (100).png,0
nfrat (101).png,0
nfrat (102).png,0
nfrat (103).png,0
nfrat (104).png,0
nfrat (105).png,0
nfrat (106).png,0
nfrat (107).png,0
nfrat (108).png,0
nfrat (109).png,0
nfrat (110).png,0
nfrat (111).png,0
nfrat (112).png,0
nfrat (113).png,0
nfrat (114).png,0
nfrat (115).png,0
nfrat (116).png,0
nfrat (117).png,0
nfrat (118).png,0
nfrat (119).png,0
nfrat (120).png,0
nfrat (121).png,0
nfrat (122).png,0
nfrat (123).png,0
nfrat (124).png,0
nfrat (125).png,0
nfrat (126).png,0
nfrat (127).png,0
nfrat (128).png,0
nfrat (129).png,0
nfrat (130).png,0
nfrat (131).png,0
nfrat (132).png,0
nfrat (133).png,0
nfrat (134).png,0
nfrat (135).png,0
nfrat (136).png,0
nfrat (137).png,0
nfrat (138).png,0
nfrat (139).png,0
nfrat (140).png,0
nfrat (141).png,0
nfrat (142).png,0
nfrat (143).png,0
nfrat (144).png,0
nfrat (145).png,0
nfrat (146).png,0
nfrat (147).png,0
nfrat (148).png,0
nfrat (149).png,0
nfrat (150).png,0
nfrat (151).png,0
nfrat (152).png,0
nfrat (153).png,0
nfrat (154).png,0
nfrat (155).png,0
nfrat (156).png,0
nfrat (157).png,0
nfrat (158).png,0
nfrat (159).png,0
nfrat (160).png,0
nfrat (161).png,0
nfrat (162).png,0
nfrat (163).png,0
nfrat (164).png,0
nfrat (165).png,0
nfrat (166).png,0
nfrat (167).png,0
nfrat (168).png,0
nfrat (169).png,0
nfrat (170).png,0
nfrat (171).png,0
nfrat (172).png,0
nfrat (173).png,0
nfrat (174).png,0
nfrat (175).png,0
nfrat (176).png,0
nfrat (177).png,0
nfrat (178).png,0
nfrat (179).png,0
nfrat (180).png,0
nfrat (181).png,0
nfrat (182).png,0
nfrat (183).png,0
nfrat (184).png,0
nfrat (185).png,0
nfrat (186).png,0
nfrat (187).png,0
nfrat (188).png,0
nfrat (189).png,0
nfrat (190).png,0
nfrat (191).png,0
nfrat (192).png,0
nfrat (193).png,0
nfrat (194).png,0
nfrat (195).png,0
nfrat (196).png,0
nfrat (197).png,0
nfrat (198).png,0
nfrat (199).png,0
nfrat (200).png,0
nfrat (201).png,0
nfrat (202).png,0
nfrat (203).png,0
nfrat (204).png,0
nfrat (205).png,0
nfrat (206).png,0
nfrat (207).png,0
nfrat (208).png,0
nfrat (209).png,0
nfrat (210).png,0
nfrat (211).png,0
nfrat (212).png,0
nfrat (213).png,0
nfrat (214).png,0
nfrat (215).png,0
nfrat (216).png,0
nfrat (217).png,0
nfrat (218).png,0
nfrat (219).png,0
nfrat (220).png,0
nfrat (221).png,0
nfrat (222).png,0
nfrat (223).png,0
nfrat (224).png,0
nfrat (225).png,0
nfrat (226).png,0
nfrat (227).png,0
nfrat (228).png,0
nfrat (229).png,0
nfrat (230).png,0
nfrat (231).png,0
nfrat (232).png,0
nfrat (233).png,0
nfrat (234).png,0
nfrat (235).png,0
nfrat (236).png,0
nfrat (237).png,0
nfrat (238).png,0
nfrat (239).png,0
nfrat (240).png,0
nfrat (241).png,0
nfrat (242).png,0
nfrat (243).png,0
nfrat (244).png,0
nfrat (245).png,0
nfrat (246).png,0
nfrat (247).png,0
nfrat (248).png,0
nfrat (249).png,0
nfrat (250).png,0
nfrat (251).png,0
nfrat (252).png,0
nfrat (253).png,0
nfrat (254).png,0
nfrat (255).png,0
nfrat (256).png,0
nfrat (257).png,0
nfrat (258).png,0
nfrat (259).png,0
nfrat (260).png,0
nfrat (261).png,0
nfrat (262).png,0
nfrat (263).png,0
nfrat (264).png,0
nfrat (265).png,0
nfrat (266).png,0
nfrat (267).png,0
nfrat (268).png,0
nfrat (269).png,0
nfrat (270).png,0
nfrat (271).png,0
nfrat (272).png,0
nfrat (273).png,0
nfrat (274).png,0
nfrat (275).png,0
nfrat (276).png,0
nfrat (277).png,0
nfrat (278).png,0
nfrat (279).png,0
nfrat (280).png,0
nfrat (281).png,0
nfrat (282).png,0
nfrat (283).png,0
nfrat (284).png,0
nfrat (285).png,0
nfrat (286).png,0
nfrat (287).png,0
nfrat (288).png,0
nfrat (289).png,0
nfrat (290).png,0
nfrat (291).png,0
nfrat (292).png,0
nfrat (293).png,0
nfrat (294).png,0
nfrat (295).png,0
nfrat (296).png,0
nfrat (297).png,0
nfrat (298).png,0
nfrat (299).png,0
nfrat (300).png,0
nfrat (301).png,0
nfrat (302).png,0
nfrat (303).png,0
nfrat (304).png,0
nfrat (305).png,0
nfrat (306).png,0
nfrat (307).png,0
nfrat (308).png,0
nfrat (309).png,0
nfrat (310).png,0
nfrat (311).png,0
nfrat (312).png,0
nfrat (313).png,0
nfrat (314).png,0
nfrat (315).png,0
nfrat (316).png,0
nfrat (317).png,0
nfrat (318).png,0
nfrat (319).png,0
nfrat (320).png,0
nfrat (321).png,0
nfrat (322).png,0
nfrat (323).png,0
nfrat (324).png,0
nfrat (325).png,0
nfrat (326).png,0
nfrat (327).png,0
nfrat (328).png,0
nfrat (329).png,0
nfrat (330).png,0
nfrat (331).png,0
nfrat (332).png,0
nfrat (333).png,0
nfrat (334).png,0
nfrat (335).png,0
nfrat (336).png,0
nfrat (337).png,0
nfrat (338).png,0
nfrat (339).png,0
nfrat (340).png,0
nfrat (341).png,0
nfrat (342).png,0
nfrat (343).png,0
nfrat (344).png,0
nfrat (345).png,0
nfrat (346).png,0
nfrat (347).png,0
nfrat (348).png,0
nfrat (349).png,0
nfrat (350).png,0
nfrat (351).png,0
nfrat (352).png,0
nfrat (353).png,0
nfrat (354).png,0
nfrat (355).png,0
nfrat (356).png,0
nfrat (357).png,0
nfrat (358).png,0
nfrat (359).png,0
nfrat (360).png,0
nfrat (361).png,0
nfrat (362).png,0
nfrat (363).png,0
nfrat (364).png,0
nfrat (365).png,0
nfrat (366).png,0
nfrat (367).png,0
nfrat (368).png,0
nfrat (369).png,0
nfrat (370).png,0
nfrat (371).png,0
nfrat (372).png,0
nfrat (373).png,0
nfrat (374).png,0
nfrat (375).png,0
nfrat (376).png,0
nfrat (377).png,0
nfrat (378).png,0
nfrat (379).png,0
nfrat (380).png,0
nfrat (381).png,0
nfrat (382).png,0
nfrat (383).png,0
nfrat (384).png,0
nfrat (385).png,0
nfrat (386).png,0
nfrat (387).png,0
nfrat (388).png,0
nfrat (389).png,0
nfrat (390).png,0
nfrat (391).png,0
nfrat (392).png,0
nfrat (393).png,0
nfrat (394).png,0
nfrat (395).png,0
nfrat (396).png,0
nfrat (397).png,0
nfrat (398).png,0
nfrat (399).png,0
nfrat (400).png,0
nfrat (401).png,0
nfrat (402).png,0
nfrat (403).png,0
nfrat (404).png,0
nfrat (405).png,0
nfrat (406).png,0
nfrat (407).png,0
nfrat (408).png,0
nfrat (409).png,0
nfrat (410).png,0
nfrat (411).png,0
nfrat (412).png,0
nfrat (413).png,0
nfrat (414).png,0
nfrat (415).png,0
nfrat (416).png,0
nfrat (417).png,0
nfrat (418).png,0
nfrat (419).png,0
nfrat (420).png,0
nfrat (421).png,0
nfrat (422).png,0
nfrat (423).png,0
nfrat (424).png,0
nfrat (425).png,0
nfrat (426).png,0
nfrat (427).png,0
nfrat (428).png,0
nfrat (429).png,0
nfrat (430).png,0
nfrat (431).png,0
nfrat (432).png,0
nfrat (433).png,0
nfrat (434).png,0
nfrat (435).png,0
nfrat (436).png,0
nfrat (437).png,0
nfrat (438).png,0
nfrat (439).png,0
nfrat (440).png,0
nfrat (441).png,0
nfrat (442).png,0
nfrat (443).png,0
nfrat (444).png,0
nfrat (445).png,0
nfrat (446).png,0
nfrat (447).png,0
nfrat (448).png,0
nfrat (449).png,0
nfrat (450).png,0
nfrat (451).png,0
nfrat (452).png,0
nfrat (453).png,0
nfrat (454).png,0
nfrat (455).png,0
nfrat (456).png,0
nfrat (457).png,0
nfrat (458).png,0
nfrat (459).png,0
nfrat (460).png,0
nfrat (461).png,0
nfrat (462).png,0
nfrat (463).png,0
nfrat (464).png,0
nfrat (465).png,0
nfrat (466).png,0
nfrat (467).png,0
nfrat (468).png,0
nfrat (469).png,0
nfrat (470).png,0
nfrat (471).png,0
nfrat (472).png,0
nfrat (473).png,0
nfrat (474).png,0
nfrat (475).png,0
nfrat (476).png,0
nfrat (477).png,0
nfrat (478).png,0
nfrat (479).png,0
nfrat (480).png,0
nfrat (481).png,0
nfrat (482).png,0
nfrat (483).png,0
nfrat (484).png,0
nfrat (485).png,0
nfrat (486).png,0
nfrat (487).png,0
nfrat (488).png,0
nfrat (489).png,0
nfrat (490).png,0
nfrat (491).png,0
nfrat (492).png,0
nfrat (493).png,0
nfrat (494).png,0
nfrat (495).png,0
nfrat (496).png,0
nfrat (497).png,0
nfrat (498).png,0
nfrat (499).png,0
nfrat (500).png,0
nfrat (501).png,0
nfrat (502).png,0
nfrat (503).png,0
nfrat (504).png,0
nfrat (505).png,0
nfrat (506).png,0
nfrat (507).png,0
nfrat (508).png,0
nfrat (509).png,0
nfrat (510).png,0
nfrat (511).png,0
nfrat (512).png,0
nfrat (513).png,0
nfrat (514).png,0
nfrat (515).png,0
nfrat (516).png,0
nfrat (517).png,0
nfrat (518).png,0
nfrat (519).png,0
nfrat (520).png,0
nfrat (521).png,0
nfrat (522).png,0
nfrat (523).png,0
nfrat (524).png,0
nfrat (525).png,0
nfrat (526).png,0
nfrat (527).png,0
nfrat (528).png,0
nfrat (529).png,0
nfrat (530).png,0
nfrat (531).png,0
nfrat (532).png,0
nfrat (533).png,0
nfrat (534).png,0
nfrat (535).png,0
nfrat (536).png,0
nfrat (537).png,0
nfrat (538).png,0
nfrat (539).png,0
nfrat (540).png,0
nfrat (541).png,0
nfrat (542).png,0
nfrat (543).png,0
nfrat (544).png,0
nfrat (545).png,0
nfrat (546).png,0
nfrat (547).png,0
nfrat (548).png,0
nfrat (549).png,0
nfrat (550).png,0
nfrat (551).png,0
nfrat (552).png,0
nfrat (553).png,0
nfrat (554).png,0
nfrat (555).png,0
nfrat (556).png,0
nfrat (557).png,0
nfrat (558).png,0
nfrat (559).png,0
nfrat (560).png,0
nfrat (561).png,0
nfrat (562).png,0
nfrat (563).png,0
nfrat (564).png,0
nfrat (565).png,0
nfrat (566).png,0
nfrat (567).png,0
nfrat (568).png,0
nfrat (569).png,0
nfrat (570).png,0
nfrat (571).png,0
nfrat (572).png,0
nfrat (573).png,0
nfrat (574).png,0
nfrat (575).png,0
nfrat (576).png,0
nfrat (577).png,0
nfrat (578).png,0
nfrat (579).png,0
nfrat (580).png,0
nfrat (581).png,0
nfrat (582).png,0
nfrat (583).png,0
nfrat (584).png,0
nfrat (585).png,0
nfrat (586).png,0
nfrat (587).png,0
nfrat (588).png,0
nfrat (589).png,0
nfrat (590).png,0
nfrat (591).png,0
nfrat (592).png,0
nfrat (593).png,0
nfrat (594).png,0
nfrat (595).png,0
nfrat (596).png,0
nfrat (597).png,0
nfrat (598).png,0
nfrat (599).png,0
nfrat (600).png,0
nfrat (601).png,0
nfrat (602).png,0
nfrat (603).png,0
nfrat (604).png,0
nfrat (605).png,0
nfrat (606).png,0
nfrat (607).png,0
nfrat (608).png,0
nfrat (609).png,0
nfrat (610).png,0
nfrat (611).png,0
nfrat (612).png,0
nfrat (613).png,0
nfrat (614).png,0
nfrat (615).png,0
nfrat (616).png,0
nfrat (617).png,0
nfrat (618).png,0
nfrat (619).png,0
nfrat (620).png,0
nfrat (621).png,0
nfrat (622).png,0
nfrat (623).png,0
nfrat (624).png,0
nfrat (625).png,0
nfrat (626).png,0
nfrat (627).png,0
nfrat (628).png,0
nfrat (629).png,0
nfrat (630).png,0
nfrat (631).png,0
nfrat (632).png,0
nfrat (633).png,0
nfrat (634).png,0
nfrat (635).png,0
nfrat (636).png,0
nfrat (637).png,0
nfrat (638).png,0
nfrat (639).png,0
nfrat (640).png,0
nfrat (641).png,0
nfrat (642).png,0
nfrat (643).png,0
nfrat (644).png,0
nfrat (645).png,0
nfrat (646).png,0
nfrat (647).png,0
nfrat (648).png,0
nfrat (649).png,0
nfrat (650).png,0
nfrat (651).png,0
nfrat (652).png,0
nfrat (653).png,0
nfrat (654).png,0
nfrat (655).png,0
nfrat (656).png,0
nfrat (657).png,0
nfrat (658).png,0
nfrat (659).png,0
nfrat (660).png,0
nfrat (661).png,0
nfrat (662).png,0
nfrat (663).png,0
nfrat (664).png,0
nfrat (665).png,0
nfrat (666).png,0
